{"products":[{"id":"0.14731377438264182","qty":1}],"totalPrice":21.159999999999997}